<?xml version="1.0" encoding="UTF-8"?>
<!DOCTYPE mapper PUBLIC "-//mybatis.org//DTD Mapper 3.0//EN" "http://mybatis.org/dtd/mybatis-3-mapper.dtd">
<mapper namespace="Invitation_codeMapper">
	
	
	<!-- 新增-->
	<insert id="save" parameterType="pd">
		insert into M_INVITATION_CODE(
			CODE,	
			VALIDITY_DATE,	
			MANAGER,	
			INVITATION_CODE_ID
		) values (
			#{CODE},	
			#{VALIDITY_DATE},	
			#{MANAGER},	
			#{INVITATION_CODE_ID}
		)
	</insert>
	<!-- 批量新增-->
	<insert id="saveBatch" useGeneratedKeys="true" parameterType="java.util.List">  
    insert into m_invitation_code (INVITATION_CODE_ID,CODE,VALIDITY_DATE,MANAGER,STATUS)   
    values  
    <foreach collection="list" item="item" index="index" separator="," >  
        (#{item.invitation_id},#{item.code},#{item.calidity_date},#{item.manager},#{item.status})  
    </foreach>  
</insert>

	
	<!-- 删除-->
	<delete id="delete" parameterType="pd">
		delete from M_INVITATION_CODE
		where 
			INVITATION_CODE_ID = #{INVITATION_CODE_ID}
	</delete>
	
	
	<!-- 修改 -->
	<update id="edit" parameterType="pd">
		update  M_INVITATION_CODE
			set 
				CODE = #{CODE},
				VALIDITY_DATE = #{VALIDITY_DATE},
				MANAGER = #{MANAGER},
			INVITATION_CODE_ID = INVITATION_CODE_ID
			where 
				INVITATION_CODE_ID = #{INVITATION_CODE_ID}
	</update>
	
	
	<!-- 通过ID获取数据 -->
	<select id="findById" parameterType="pd" resultType="pd">
		select 
			CODE,	
			VALIDITY_DATE,	
			MANAGER,	
			INVITATION_CODE_ID
		from 
			M_INVITATION_CODE
		where 
			INVITATION_CODE_ID = #{INVITATION_CODE_ID}
	</select>
	
	
	<!-- 列表 -->
	<select id="datalistPage" parameterType="page" resultType="pd">
		select
				a.CODE,	
				a.VALIDITY_DATE,	
				a.MANAGER,	
				a.INVITATION_CODE_ID
		from 
				M_INVITATION_CODE a
		where  1=1 
		 <if test="pd.field1 != null and pd.field1 != ''">
			and ( a.CODE LIKE CONCAT(CONCAT('%', #{pd.field1}),'%')  )
		</if>
		
		 <if test="pd.lastLoginStart != null and pd.lastLoginStart != ''">
			and ( a.VALIDITY_DATE between #{pd.lastLoginStart} and  #{pd.lastLoginEnd} )
		</if>
	</select>
	
	<!-- 列表(全部) -->
	<select id="listAll" parameterType="pd" resultType="pd">
		select
				a.CODE,	
				a.VALIDITY_DATE,	
				a.MANAGER,	
				a.INVITATION_CODE_ID
		from 
				M_INVITATION_CODE a
	</select>
	
	<!-- 批量删除 -->
	<delete id="deleteAll" parameterType="String">
		delete from M_INVITATION_CODE
		where 
			INVITATION_CODE_ID in
		<foreach item="item" index="index" collection="array" open="(" separator="," close=")">
                 #{item}
		</foreach>
	</delete>
	
</mapper>