<?xml version="1.0" encoding="UTF-8"?>
<!DOCTYPE mapper PUBLIC "-//mybatis.org//DTD Mapper 3.0//EN" "http://mybatis.org/dtd/mybatis-3-mapper.dtd">
<mapper namespace="MSiteNameMapper">
	
	
	<!-- 新增-->
	<insert id="save" parameterType="pd">
		insert into m_site_name(
			domain,
			siteName,
			UV,
			category
		) values (
			#{domain}
		,
			#{siteName}
		,
			#{UV}
		,
			#{category}
			 
		)
	</insert>
	
	
	<!-- 删除-->
	<delete id="delete" parameterType="pd">
		delete from m_site_name
		where 
			id = #{id}
	</delete>
	
	
	<!-- 修改 -->
	<update id="edit" parameterType="pd">
		update  m_site_name
			set 
				domain = #{domain}
		,
				siteName = #{siteName}
		,
				UV = #{UV}
		,
				category = #{category}
			
			where 
				id = #{id}
	</update>
	
	
	<!-- 通过ID获取数据 -->
	<select id="findById" parameterType="pd" resultType="pd">
		select 
			id
		,
			domain
		,
			siteName
		,
			UV
		,
			category
		from 
			m_site_name
		where 
			id = #{id}
	</select>
	
	
	<!-- 列表 -->
	<select id="datalistPage" parameterType="page" resultType="pd">
		select
				a.id
		,
				a.domain
		,
				a.siteName
		,
				a.UV
		,
				a.category
				 
		from 
				m_site_name a
				where  1=1 
		 <if test="pd.field1 != null and pd.field1 != ''">
			and ( a.domain LIKE CONCAT(CONCAT('%', #{pd.field1}),'%') or a.siteName LIKE CONCAT(CONCAT('%', #{pd.field1}),'%') )
		</if>
	</select>
	
	<!-- 列表(全部) -->
	<select id="listAll" parameterType="pd" resultType="pd">
		select
				a.id
		,
				a.domain
		,
				a.siteName
		,
				a.UV
		,
				a.category
				 
		from 
				m_site_name a
	</select>
	
	<!-- 批量删除 -->
	<delete id="deleteAll" parameterType="String">
		delete from m_site_name
		where 
			id in
		<foreach item="item" index="index" collection="array" open="(" separator="," close=")">
                 #{item}
		</foreach>
	</delete>
	
</mapper>