<?xml version="1.0" encoding="UTF-8"?>
<!DOCTYPE mapper PUBLIC "-//mybatis.org//DTD Mapper 3.0//EN" "http://mybatis.org/dtd/mybatis-3-mapper.dtd">
<mapper namespace="MSuggestMapper">
	
	
	<!-- 新增-->
	<insert id="save" parameterType="pd">
		insert into m_suggest(
			ip,
			dDate,
			phone,
			ua,
			type,
			content
		) values (
			#{ip}
		,
			#{dDate}
		,
			#{phone}
		,
			#{ua}
		,
			#{type}
		,
			#{content}
			 
		)
	</insert>
	
	
	<!-- 删除-->
	<delete id="delete" parameterType="pd">
		delete from m_suggest
		where 
			id = #{id}
	</delete>
	
	
	<!-- 修改 -->
	<update id="edit" parameterType="pd">
		update  m_suggest
			set 
				ip = #{ip}
		,
				dDate = #{dDate}
		,
				phone = #{phone}
		,
				ua = #{ua}
		,
				type = #{type}
		,
				content = #{content}
			
			where 
				id = #{id}
	</update>
	
	
	<!-- 通过ID获取数据 -->
	<select id="findById" parameterType="pd" resultType="pd">
		select 
			id
		,
			ip
		,
			dDate
		,
			phone
		,
			ua
		,
			type
		,
			content
		from 
			m_suggest
		where 
			id = #{id}
	</select>
	
	
	<!-- 列表 -->
	<select id="datalistPage" parameterType="page" resultType="pd">
		select
				a.id
		,
				a.ip
		,
				a.dDate
		,
				a.phone
		,
				a.ua
		,
				a.type
		,
				a.content
				 
		from 
				m_suggest a
		where  1=1 
		 <if test="pd.field1 != null and pd.field1 != ''">
			and ( a.content LIKE CONCAT(CONCAT('%', #{pd.field1}),'%') or  a.ip LIKE CONCAT(CONCAT('%', #{pd.field1}),'%')  or  a.phone LIKE CONCAT(CONCAT('%', #{pd.field1}),'%')  )
		</if>		
		 <if test="pd.lastLoginStart != null and pd.lastLoginStart != ''">
			and ( a.dDate between #{pd.lastLoginStart} and  #{pd.lastLoginEnd} )
		</if>
	</select>
	
	<!-- 列表(全部) -->
	<select id="listAll" parameterType="pd" resultType="pd">
		select
				a.id
		,
				a.ip
		,
				a.dDate
		,
				a.phone
		,
				a.ua
		,
				a.type
		,
				a.content
				 
		from 
				m_suggest a
	</select>
	
	<!-- 批量删除 -->
	<delete id="deleteAll" parameterType="String">
		delete from m_suggest
		where 
			id in
		<foreach item="item" index="index" collection="array" open="(" separator="," close=")">
                 #{item}
		</foreach>
	</delete>
	
</mapper>