<?xml version="1.0" encoding="UTF-8"?>
<!DOCTYPE mapper PUBLIC "-//mybatis.org//DTD Mapper 3.0//EN" "http://mybatis.org/dtd/mybatis-3-mapper.dtd">
<mapper namespace="SysConfigMapper">
	
	
	<!-- 新增-->
	<insert id="save" parameterType="pd">
		insert into "m_SYSCONFIG"(
			"c",	
			"c",	
			"c",	
			"c",	
			"c",	
			"SYSCONFIG_ID"
		) values (
			#{c},	
			#{c},	
			#{c},	
			#{c},	
			#{c},	
			#{SYSCONFIG_ID}
		)
	</insert>
	
	
	<!-- 删除-->
	<delete id="delete" parameterType="pd">
		delete from "m_SYSCONFIG"
		where 
			"SYSCONFIG_ID" = #{SYSCONFIG_ID}
	</delete>
	
	
	<!-- 修改 -->
	<update id="edit" parameterType="pd">
		update  "m_SYSCONFIG"
			set 
			"SYSCONFIG_ID" = "SYSCONFIG_ID"
			where 
				"SYSCONFIG_ID" = #{SYSCONFIG_ID}
	</update>
	
	
	<!-- 通过ID获取数据 -->
	<select id="findById" parameterType="pd" resultType="pd">
		select 
			"c",	
			"c",	
			"c",	
			"c",	
			"c",	
			"SYSCONFIG_ID"
		from 
			"m_SYSCONFIG"
		where 
			"SYSCONFIG_ID" = #{SYSCONFIG_ID}
	</select>
	
	
	<!-- 列表 -->
	<select id="datalistPage" parameterType="page" resultType="pd">
		select
				a."c",	
				a."c",	
				a."c",	
				a."c",	
				a."c",	
				a."SYSCONFIG_ID"
		from 
				"m_SYSCONFIG" a
	</select>
	
	<!-- 列表(全部) -->
	<select id="listAll" parameterType="pd" resultType="pd">
		select
				a."c",	
				a."c",	
				a."c",	
				a."c",	
				a."c",	
				a."SYSCONFIG_ID"
		from 
				"m_SYSCONFIG" a
	</select>
	
	<!-- 批量删除 -->
	<delete id="deleteAll" parameterType="String">
		delete from "m_SYSCONFIG"
		where 
			"SYSCONFIG_ID" in
		<foreach item="item" index="index" collection="array" open="(" separator="," close=")">
                 #{item}
		</foreach>
	</delete>
	
</mapper>